19:51727962:C:A,19:51728477:C:T,individual,rs3865444,rs12459419,CD33,CD33_group
0/1,0/1,19891015,C/A,C/T,CD33var-het,CD33var
0/0,0/0,20110137,C/C,C/C,CV,CV
0/0,0/0,20129990,C/C,C/C,CV,CV
0/1,0/1,C19_93,C/A,C/T,CD33var-het,CD33var
0/0,0/0,NP14_128,C/C,C/C,CV,CV
0/0,0/0,20150712,C/C,C/C,CV,CV
0/1,0/1,A354_16,C/A,C/T,CD33var-het,CD33var
0/1,0/1,A013_03,C/A,C/T,CD33var-het,CD33var
0/0,0/0,19920200,C/C,C/C,CV,CV
0/1,0/1,19920194,C/A,C/T,CD33var-het,CD33var
0/0,0/0,20185935,C/C,C/C,CV,CV
0/0,0/0,19930154,C/C,C/C,CV,CV
0/0,0/0,P3_09,C/C,C/C,CV,CV
0/0,0/0,NP16_088,C/C,C/C,CV,CV
0/1,0/1,A319_11,C/A,C/T,CD33var-het,CD33var
./.,./.,DPM16_44,./.,./.,NA,NA
0/0,0/0,PDC016,C/C,C/C,CV,CV
1-Jan,1-Jan,NP17_023,A/A,T/T,CD33var-hom,CD33var
0/0,0/0,NP13_012,C/C,C/C,CV,CV
0/0,0/0,A402_14,C/C,C/C,CV,CV
0/1,0/1,A053_11,C/A,C/T,CD33var-het,CD33var
0/1,0/1,19920077,C/A,C/T,CD33var-het,CD33var
0/0,0/0,A169_10,C/C,C/C,CV,CV
0/1,0/1,A138_12,C/A,C/T,CD33var-het,CD33var
0/1,0/1,20100742,C/A,C/T,CD33var-het,CD33var
0/0,0/0,A166_04,C/C,C/C,CV,CV
0/0,0/0,PDC026,C/C,C/C,CV,CV
0/1,0/1,19920001,C/A,C/T,CD33var-het,CD33var
0/0,0/0,A277_12,C/C,C/C,CV,CV
0/1,0/1,A282_14,C/A,C/T,CD33var-het,CD33var
0/1,0/1,A163_17,C/A,C/T,CD33var-het,CD33var
1-Jan,1-Jan,A170_13,A/A,T/T,CD33var-hom,CD33var
1-Jan,1-Jan,19920035,A/A,T/T,CD33var-hom,CD33var
0/1,0/1,19910318,C/A,C/T,CD33var-het,CD33var
0/0,0/0,A051_14,C/C,C/C,CV,CV
0/1,0/1,NP12_162,C/A,C/T,CD33var-het,CD33var
0/1,0/1,19910006,C/A,C/T,CD33var-het,CD33var
0/1,0/1,20130325,C/A,C/T,CD33var-het,CD33var
0/0,0/0,19891053,C/C,C/C,CV,CV
0/0,0/0,19960064,C/C,C/C,CV,CV
0/1,0/1,19930222,C/A,C/T,CD33var-het,CD33var
0/1,0/1,A096_14,C/A,C/T,CD33var-het,CD33var
0/1,0/1,A272_15,C/A,C/T,CD33var-het,CD33var
0/1,0/1,B509_962,C/A,C/T,CD33var-het,CD33var
0/1,0/1,19930148,C/A,C/T,CD33var-het,CD33var
0/1,0/1,A064_13,C/A,C/T,CD33var-het,CD33var
0/1,0/1,A074_05,C/A,C/T,CD33var-het,CD33var
0/1,0/1,A220_11,C/A,C/T,CD33var-het,CD33var
0/0,0/0,A297_16,C/C,C/C,CV,CV
1-Jan,1-Jan,P23_07,A/A,T/T,CD33var-hom,CD33var
1-Jan,1-Jan,19910334,A/A,T/T,CD33var-hom,CD33var
0/1,0/1,19920179,C/A,C/T,CD33var-het,CD33var
0/1,0/1,19950030,C/A,C/T,CD33var-het,CD33var
0/1,0/1,A019_12,C/A,C/T,CD33var-het,CD33var
0/1,0/1,A115_17,C/A,C/T,CD33var-het,CD33var
0/0,0/0,A127_11,C/C,C/C,CV,CV
0/1,0/1,A210_05,C/A,C/T,CD33var-het,CD33var
