Sample_Name,CASE ID,Region,Disease,PMD,Braak,THAL,CERAD,APOE,TREM2 variant,Age,Sex,Sample Name,RIN,IGF,Sample_ID
19891015-MTEMP,19891015,MTG,AD,36,5TO6,NA,NA,24,R62H,77,F,19891015 MTEMP,6,NA,IGF117774
19891015-SOM,19891015,SOM,AD,36,5TO6,NA,NA,24,R62H,77,F,19891015 SOM,7.3,IGF117797-19891015-SOM,IGF117797
19891053-MTEMP,19891053,MTG,AD,43,5,NA,NA,33,R62H,77,M,19891053 MTEMP,6.6,NA,IGF117819
19891053-SOM,19891053,SOM,AD,43,5,NA,NA,33,R62H,77,M,19891053 SOM,7.4,IGF117752-19891053-SOM,IGF117752
19910006-MTEMP,19910006,MTG,AD,8,5TO6,N/A,N/A,44,none,67,F,19910006 MTEMP,2.6,NA,IGF117807
19910318-MTEMP,19910318,MTG,AD,27,5TO6,NA,NA,33,R47H,75,F,19910318 MTEMP,2.6,NA,IGF117781
19910318-SOM,19910318,SOM,AD,27,5TO6,NA,NA,33,R47H,75,F,19910318 SOM,NA,NA,IGF117777
19910334-MTEMP,19910334,MTG,AD,48,5TO6,N/A,N/A,33,none,77,F,19910334 MTEMP,3.8,NA,IGF117810
19920001-MTEMP,19920001,MTG,AD,48,6,NA,NA,33,R62H,68,M,19920001 MTEMP,5,NA,IGF117820
19920001-SOM,19920001,SOM,AD,48,6,NA,NA,33,R62H,68,M,19920001 SOM,4.9,NA,IGF117749
19920035-MTEMP,19920035,MTG,AD,24,5TO6,N/A,N/A,33,none,79,F,19920035 MTEMP,3.2,NA,IGF117815
19920077-MTEMP,19920077,MTG,AD,30,N/A,N/A,N/A,34,none,76,M,19920077 MTEMP,7,IGF117800-19920077-MTEMP,IGF117800
19920179-MTEMP,19920179,MTG,AD,28,5TO6,NA,NA,34,R47H,58,M,19920179 MTEMP,5.8,NA,IGF117805
19920179-SOM,19920179,SOM,AD,28,5TO6,NA,NA,34,R47H,58,M,19920179 SOM,7.4,IGF117755-19920179-SOM,IGF117755
19920194-MTEMP,19920194,MTG,AD,15,5TO6,NA,NA,44,R47H,72,M,19920194 MTEMP,7.1,IGF117785-19920194-MTEMP,IGF117785
19920194-SOM,19920194,SOM,AD,15,5TO6,NA,NA,44,R47H,72,M,19920194 SOM,7.9,IGF117762-19920194-SOM,IGF117762
19920200-MTEMP,19920200,MTG,AD,10,5TO6,N/A,N/A,33,none,64,M,19920200 MTEMP,6.2,NA,IGF117803
19920200-SOM,19920200,SOM,AD,10,5TO6,N/A,N/A,33,none,64,M,19920200 SOM,5.4,NA,IGF117769
19930148-MTEMP,19930148,MTG,AD,41,5TO6,N/A,N/A,34,none,66,M,19930148 MTEMP,1.7,NA,IGF117784
19930154-MTEMP,19930154,MTG,AD,8,N/A,N/A,N/A,34,none,69,M,19930154 MTEMP,1.7,NA,IGF117789
19930222-MTEMP,19930222,MTG,AD,48,N/A,N/A,N/A,23,none,67,M,19930222 MTEMP,2.7,NA,IGF117756
19950030-MTEMP,19950030,MTG,AD,48,5TO6,NA,NA,33,R62H,62,M,19950030 MTEMP,5.3,NA,IGF117801
19950030-SOM,19950030,SOM,AD,48,5TO6,NA,NA,33,R62H,62,M,19950030 SOM,7.2,IGF117746-19950030-SOM,IGF117746
19960064-MTEMP,19960064,MTG,AD,28,1,NA,NA,34,R62H,72,F,19960064 MTEMP,5,NA,IGF117818
20100742-MTEMP,20100742,MTG,CNTRL,22,0,0,0,N/A,none,67,M,20100742 MTEMP,7.5,IGF117772-20100742-MTEMP,IGF117772
20100742-SOM,20100742,SOM,CNTRL,22,0,0,0,N/A,none,67,M,20100742 SOM,8.1,IGF117748-20100742-SOM,IGF117748
20110137-MTEMP,20110137,MTG,AD,33,6,5,3,"3,4",none,75,F,20110137 MTEMP,4.8,NA,IGF117778
20129990-MTEMP,20129990,MTG,AD,40,6,5,3,"3,3",none,78,F,20129990 MTEMP,2,NA,IGF117759
20130325-MTEMP,20130325,MTG,AD,23,6,5,3,33,R47H,76,M,20130325 MTEMP,3.8,NA,IGF117821
20130325-SOM,20130325,SOM,AD,23,6,5,3,33,R47H,76,M,20130325 SOM,2.7,NA,IGF117768
20150712-MTEMP,20150712,MTG,AD,26,6,4,3,"2,3",none,74,M,20150712 MTEMP,6.5,NA,IGF117813
20185935-MTEMP,20185935,MTG,AD,16,6,5,3,"3,4",none,70,M,20185935 MTEMP,3.8,NA,IGF117794
A013-03-MTEMP,A013-03,MTG,AD,18,5,NA,NA,23,R47H,89,M,A013/03 MTEMP,1.6,NA,IGF117811
A013-03-SOM,A013-03,SOM,AD,18,5,NA,NA,23,R47H,89,M,A013/03 SOM,1.5,NA,IGF117766
A019-12-MTEMP,A019/12,MTG,AD,30,3,NA,NA,33,none,92,F,A019/12 MTEMP,5.2,NA,IGF117822
A019-12-SOM,A019/12,SOM,AD,30,3,NA,NA,33,none,92,F,A019/12 SOM,4.6,NA,IGF117773
A051-14-MTEMP,A051/14,MTG,CNTRL,22,2,NA,NA,33,none,76,F,A051/14 MTEMP,6.5,NA,IGF117823
A051-14-SOM,A051/14,SOM,CNTRL,22,2,NA,NA,33,none,76,F,A051/14 SOM,5.3,NA,IGF117802
A053-11-MTEMP,A053/11,MTG,CNTRL,11,0,0,0,33,none,77,M,A053/11 MTEMP,7,IGF117824-A053-11-MTEMP,IGF117824
A053-11-SOM,A053/11,SOM,CNTRL,11,0,0,0,33,none,77,M,A053/11 SOM,6.7,NA,IGF117806
A064-13-MTEMP,A064-13,MTG,AD,14.5,5TO6,NA,NA,23,R62H,70,F,A064/13 MTEMP,7.2,IGF117790-A064-13-MTEMP,IGF117790
A064-13-SOM,A064-13,SOM,AD,14.5,5TO6,NA,NA,23,R62H,70,F,A064/13 SOM,7.6,IGF117804-A064-13-SOM,IGF117804
A074-05-MTEMP,A074-05,MTG,AD,28,5TO6,NA,NA,33,R62H,89,F,A074/05 MTEMP,1.9,NA,IGF117753
A074-05-SOM,A074-05,SOM,AD,28,5TO6,NA,NA,33,R62H,89,F,A074/05 SOM,1.6,NA,IGF117808
A096-14-MTEMP,A096/14,MTG,AD,19,4,NA,NA,34,none,87,M,A096/14 MTEMP,4.6,NA,IGF117825
A096-14-SOM,A096/14,SOM,AD,19,4,NA,NA,34,none,87,M,A096/14 SOM,5.3,NA,IGF117758
A115-17-MTEMP,A115/17,MTG,CNTRL,9,0,0,0,33,none,92,M,A115/17 MTEMP,6.1,NA,IGF117826
A115-17-SOM,A115/17,SOM,CNTRL,9,0,0,0,33,none,92,M,A115/17 SOM,6.4,NA,IGF117745
A127-11-MTEMP,A127/11,MTG,CNTRL,23,0,0,0,33,none,73,M,A127/11 MTEMP,4.6,NA,IGF117764
A127-11-SOM,A127/11,SOM,CNTRL,23,0,0,0,33,none,73,M,A127/11 SOM,4.9,NA,IGF117809
A138-12-MTEMP,A138-12,MTG,AD,16,6,NA,NA,44,R62H,74,F,A138/12 MTEMP,4.4,NA,IGF117750
A138-12-SOM,A138-12,SOM,AD,16,6,NA,NA,44,R62H,74,F,A138/12 SOM,4.6,NA,IGF117812
A163-17-MTEMP,A163/17,MTG,AD,19.5,5,4,3,33,none,83,M,A163/17 MTEMP,4.9,NA,IGF117827
A163-17-SOM,A163/17,SOM,AD,19.5,5,4,3,33,none,83,M,A163/17 SOM,6.5,NA,IGF117783
A166-04-MTEMP,A166-04,MTG,AD,27,N/A,NA,NA,34,R47H,43,M,A166/04 MTEMP,1.7,NA,IGF117816
A166-04-SOM,A166-04,SOM,AD,27,N/A,NA,NA,34,R47H,43,M,A166/04 SOM,1.4,NA,IGF117775
A169-10-SOM,A169/10,SOM,AD,10,5,NA,NA,34,none,85,F,A169/10 SOM,5.3,NA,IGF117786
A170-13-MTEMP,A170/13,MTG,AD,23,5,2,3,34,none,85,F,A170/13 MTEMP,5.1,NA,IGF117828
A170-13-SOM,A170/13,SOM,AD,23,5,2,3,34,none,85,F,A170/13 SOM,4.7,NA,IGF117780
A210-05-MTEMP,A210-05,MTG,AD,24,5,NA,NA,44,R62H,84,F,A210/05 MTEMP,1.6,NA,IGF117747
A210-05-SOM,A210-05,SOM,AD,24,5,NA,NA,44,R62H,84,F,A210/05 SOM,4.5,NA,IGF117817
A220-11-MTEMP,A220-11,MTG,AD,18,5,2,3,33,R47H,71,F,A220/11 MTEMP,4.3,NA,IGF117770
A220-11-SOM,A220-11,SOM,AD,18,5,2,3,33,R47H,71,F,A220/11 SOM,4.5,NA,IGF117793
A272-15-MTEMP,A272/15,MTG,AD,10,6,2,3,34,none,90,F,A272/15 MTEMP,3.3,NA,IGF117829
A272-15-SOM,A272/15,SOM,AD,10,6,2,3,34,none,90,F,A272/15 SOM,2.9,NA,IGF117776
A277-12-MTEMP,A277/12,MTG,AD,20,6,2,3,34,none,79,M,A277/12 MTEMP,3.9,NA,IGF117830
A277-12-SOM,A277/12,SOM,AD,20,6,2,3,34,none,79,M,A277/12 SOM,7.7,IGF117760-A277-12-SOM,IGF117760
A282-14-MTEMP,A282/14,MTG,AD,53,3,0,0,33,none,68,F,A282/14 MTEMP,6.7,NA,IGF117831
A282-14-SOM,A282/14,SOM,AD,53,3,0,0,33,none,68,F,A282/14 SOM,6.4,NA,IGF117798
A297-16-MTEMP,A297/16,MTG,CNTRL,10,1,0,0,33,none,81,M,A297/16 MTEMP,3.8,NA,IGF117832
A297-16-SOM,A297/16,SOM,CNTRL,10,1,0,0,33,none,81,M,A297/16 SOM,2.4,NA,IGF117814
A319-11-MTEMP,A319/11,MTG,CNTRL,24,1,1,1,33,R62H,74,M,A319/11 MTEMP,4.7,NA,IGF117833
A319-11-SOM,A319/11,SOM,CNTRL,24,1,1,1,33,R62H,74,M,A319/11 SOM,5,NA,IGF117751
A354-16-MTEMP,A354/16,MTG,NA,12,2,0,0,33,none,92,F,A354/16 MTEMP,3.8,NA,IGF117834
A354-16-SOM,A354/16,SOM,NA,12,2,0,0,33,none,92,F,A354/16 SOM,3.6,NA,IGF117799
A402-14-MTEMP,A402/14,MTG,AD,10,3,1,2,34,none,83,M,A402/14 MTEMP,5.6,NA,IGF117835
A402-14-SOM,A402/14,SOM,AD,10,3,1,2,34,none,83,M,A402/14 SOM,5.7,NA,IGF117788
B509-962-MTEMP,B509-962,MTG,AD,14.5,6,4,2,33,R62H,80,F,B509/962 MTEMP,3.4,NA,IGF117767
B509-962-SOM,B509-962,SOM,AD,14.5,6,4,2,33,R62H,80,F,B509/962 SOM,4,NA,IGF117763
C19-93-MTEMP,C19/93,MTG,CNTRL,33,0,0,0,33,R47H,82,NA,C19/93 MTEMP,7.5,IGF117782-C19-93-MTEMP,IGF117782
DPM16-44-MTEMP,DPM16-44,MTG,CNTRL,36.5,2,3,1,33,R62H,94,M,DPM16/44 MTEMP,4.3,NA,IGF117779
DPM16-44-SOM,DPM16-44,SOM,AD,36.5,2,3,1,33,R62H,94,M,DPM16/44 SOM,4.1,NA,IGF117754
NP12-162-MTEMP,NP12-162,MTG,AD,48,6,5,3,33,R62H,83,M,NP12/162 MTEMP,4.4,NA,IGF117796
NP13-012-MTEMP,NP13-012,MTG,CNTRL,48,1,3,0,N/A,R62H,60,F,NP13/012 MTEMP,6.7,NA,IGF117757
NP14-128-MTEMP,NP14-128,MTG,AD,23,6,5,3,34,R47H,61,F,NP14/128 MTEMP,3.9,NA,IGF117761
NP16-088-MTEMP,NP088_2016,MTG,AD,46,6,5,3,44,R62H,75,F,NP16/088 MTEMP,1.9,NA,IGF117765
NP17-023-MTEMP,NP023_2017,MTG,AD,27,6,5,2,24,R62H,86,M,NP17/023 MTEMP,3.7,NA,IGF117792
P23-07-MTEMP,P23-07,MTG,CNTRL,39.5,0,0,0,22,R47H,76,M,P23/07 MTEMP,7.8,IGF117787-P23-07-MTEMP,IGF117787
P3-09-MTEMP,P3/09,MTG,AD,36.15,6,5,3,34,R47H,64,M,P3/09 MTEMP,4.3,NA,IGF117771
PDC016-MTEMP,PDC016,MTG,CNTRL,22,2,NA,NA,NA,none,91,F,PDC016 MTEMP,7,NA,IGF117836
PDC016-SOM,PDC016,SOM,CNRTL,22,2,NA,NA,NA,none,91,F,PDC016 SOM,7.6,IGF117791-PDC016-SOM,IGF117791
PDC026-MTEMP,PDC026,MTG,AD,NA,1TO2,NA,NA,NA,none,80,F,PDC026 MTEMP,5,NA,IGF117837
PDC026-SOM,PDC026,SOM,AD,NA,1TO2,NA,NA,NA,none,80,F,PDC026 SOM,5.5,NA,IGF117795
